CREATE Table `Dinosaur`(did int NOT NULL, species CHAR(20), healthStatus CHAR(20),Primary key(did),CHECK ( (species = 'brontosaurus' OR species = 'trex' or species = 'raptor' or species = 'triceratops' or species = 'pterodactyl')), CHECK (healthStatus = 'good' OR healthStatus = 'fair' OR healthStatus = 'poor'));
Insert Into `Dinosaur` values (1,"brontosaurus","fair"); 
Insert Into `Dinosaur`  values (2,"trex","good"); 
Insert Into `Dinosaur` values (3,"raptor","fair"); 
CREATE Table `Tourist`(tid int NOT NULL, nameq CHAR(20), age int, CHECK (age > 0 AND age < 100));
Insert into `Tourist` values (415, "Ferris", 20); 
Insert into `Tourist` values(416, "Cameron", 35); 
Insert into `Tourist` values (417,"Sloan", 30); 
Insert into `Tourist` values (418,"Heather",45); 
Insert into `Tourist` values (419,"Joseph",8); 
Insert into `Tourist` values (420,"Faith",55); 
Insert into `Tourist` values (421,"Harry",10); 
CREATE Table `Employee`(ssn int NOT NULL, salary int, Primary key(ssn));
Insert into `Employee` values (908,12000); 
Insert into `Employee` values (909,15000); 
Insert into `Employee` values(910,13000);
Insert into `Employee` values (911,10000); 
Insert into `Employee` values (912,11000); 
Insert into `Employee` values (913,10000);  
Insert into `Employee` values (914,30000); 
Insert into `Employee` values (915,34000); 
Insert into `Employee` values (916,35000); 
Insert into `Employee` values (917,40000); 
Insert into `Employee` values (918,35000); 
Insert into `Employee` values(919,31000);
Insert into `Employee` values(920,20000); 
Insert into `Employee` values (921,22000); 
Insert into `Employee` values (922,23000); 
Insert into `Employee` values(923,15000); 
Insert into `Employee` values (924,16000); 
Insert into `Employee` values (925,12000);  
CREATE Table `Veterinarian`(ssn int NOT NULL, nameq CHAR(20), gender CHAR (10),  Primary key(ssn), Foreign key(ssn) References Employee(ssn)ON DELETE CASCADE);
Insert into `Veterinarian` values (914, "Cameron", "M"); 
Insert into `Veterinarian` values (915, "Sara", "F"); 
Insert into `Veterinarian` values (916, "Sean", "M"); 
CREATE Table `Cashier`(ssn int NOT NULL, nameq CHAR(20), gender CHAR (10),   Primary key(ssn), Foreign key(ssn) References Employee(ssn) ON DELETE CASCADE);
Insert into `Cashier` values (911, "Brittany", "F"); 
Insert into `Cashier` values (912, "Derin", "F"); 
Insert into `Cashier` values (913, "Derin", "F"); 
CREATE Table `Expert`(ssn int NOT NULL, nameq CHAR(20), gender CHAR (10),    Primary key(ssn), Foreign key(ssn) References Employee(ssn)ON DELETE CASCADE);
Insert into `Expert` values (908, "Sean", "M"); 
Insert into `Expert` values (909, "Chad", "M" ); 
Insert into `Expert` values(910, "Chris", "M"); 
Insert into `Expert` values (917, "Heather" , "F"); 
Insert into `Expert` values (918, "Desiree", "F"); 
Insert into `Expert` values(919, "Beth", "F"); 
CREATE Table `Maintenance`(ssn int NOT NULL, nameq CHAR(20), gender CHAR (10), Primary key(ssn), Foreign key(ssn) References Employee(ssn) ON DELETE CASCADE);
Insert into `Maintenance` values(920, "Laruen", "F"); 
Insert into `Maintenance` values (921, "Ian", "M"); 
Insert into `Maintenance` values (922, "Phillip", "M"); 
CREATE Table `TourGuide`(ssn int NOT NULL, nameq CHAR(20), gender CHAR (10),    Primary key(ssn), Foreign key(ssn) References Employee(ssn)ON DELETE CASCADE);
Insert into `TourGuide` values (923, "Kristin", "F"); 
Insert into `TourGuide` values (924, "James", "M"); 
Insert into `TourGuide` values (925, "Opal", "F"); 
CREATE Table `Tour`(tourid int NOT NULL, times int CHECK(time > 0 and time < 9999), dates int CHECK(dates > 10120111 and dates < 12312015), Primary key(tourid));
Insert into `Tour` values(17,1030,03242015); 
Insert into `Tour` values(18,1130,03252015); 
Insert into `Tour` values(19,1230,03252015); 
CREATE Table `Attends`(tid int NOT NULL, tourid int, Primary key(tid,tourid), Foreign key(tid) References Tourist(tid), Foreign key(tourid) References Tour(tourid));
Insert into `Attends` values(415,17); 
Insert into `Attends` values(416,18); 
Insert into `Attends` values(417,19); 
Create Table `Food`(fid int NOT NULL, type CHAR(20), amount int, did int NOT NULL, Primary key(fid, did), Foreign key(did) References Dinosaur(did), CHECK ( type = 'hay' OR type = 'sheep' OR type = 'goats' OR type = 'bugs' OR type = 'fish'), CHECK (amount > 0 AND amount < 100));
Insert into `Food` values (645,"hay",70, 1); 
Insert into `Food` values (646,"sheep",7, 2); 
Insert into `Food` values (647,"pigs",2, 3); 
Create Table `Vehicles`(vid int NOT NULL, type CHAR(20), age int, Primary key(vid), CHECK (age > 0 AND age < 50));
Insert into `Vehicles` values (523,"A17",17); 
Insert into `Vehicles` values (525,"B23",23); 
Insert into `Vehicles` values (526,"C70",35); 
Create Table `Equipment`(serialno int NOT NULL, type CHAR(20), Primary key(serialno), CHECK (serialno > 100000 AND serialno < 109999));
Insert into `Equipment` values(1023845, "fence"); 
Insert into `Equipment` values(1034578, "soda machine"); 
Insert into `Equipment` values(1056789, "toilet"); 
Create Table `Concession`(cid int NOT NULL, nameq CHAR(20), speciality CHAR(20), Primary key(cid), CHECK (nameq = 'Dino Dogs' OR nameq = 'Jurrasic Gifts' OR nameq = 'Prehistoric Pancakes' OR nameq = 'Rainforest Cafe' OR nameq = 'Souveniers Emporium'), CHECK (speciality = 'food' OR speciality = 'gifts'));
Insert into `Concession` values(789,"Dino Dogs", "food"); 
Insert into `Concession` values(790, "Jurrasic Gifts", "gifts"); 
Insert into `Concession` values(791, "Prehistoric Pancakes","food"); 
Create Table `Products`(pid int NOT NULL, type CHAR(20), Primary key(pid), CHECK (type = 'hot dogs' OR type = 'snow globes' OR type = 'pancakes' OR type = 'posters' OR type = 'coffee'));
Insert into `Products` values(103, "hot dog"); 
Insert into `Products` values(104, "snow globes"); 
Insert into `Products` values(105, "pancakes"); 
Create Table `Location`(locid int NOT NULL, nameq CHAR(20), Primary key(locid), CHECK (nameq = 'Building1' OR nameq = 'Building2' OR nameq = 'Building3' OR nameq = 'Building4' OR nameq = 'Building5'));
Insert into `Location` values (47,"Building1"); 
Insert into `Location` values (48,"Building2"); 
Insert into `Location` values (49,"Building3"); 
Create Table `Fixes`(vid int, ssn int, Primary key(vid,ssn), Foreign key(vid) References Vehicles(vid), Foreign key(ssn) References Maintenance(ssn)ON DELETE CASCADE);
Insert into `Fixes` values(523, 920); 
Insert into `Fixes` values(525, 921); 
Insert into `Fixes` values(526, 922);
CREATE Table `Views` (did int NOT NULL, tid int NOT NULL, Primary key(did,tid), Foreign key(did) References Dinosaur, Foreign key(tid) References Tourist(tid));
Insert into `Views` values(1,415); 
Insert into `Views` values(2,416); 
Insert into `Views` values(3,417);
Create Table `ChecksOn`(ssn int NOT NULL, did int NOT NULL, dateq int, Primary key(ssn, did), Foreign key(ssn) References Veterinarian(ssn), Foreign key(did) References Dinosaur(did), CHECK (date > 1012011 and price < 12312015));
Insert into `ChecksOn` values(914,1, 03242014); 
Insert into `ChecksOn` values(915,2, 04252015); 
Insert into `ChecksOn` values(916,3, 06262015); 
Create Table `Treats`(ssn int NOT NULL, did int NOT NULL, dateq int, Primary key(ssn, did), Foreign key(ssn) References Veterinarian(ssn), Foreign key(did) References Dinosaur(did), CHECK(date > 1012011 and date < 12312015));
Insert into `Treats` values(914,1,03232011); 
Insert into `Treats` values (915,2,04152012); 
Insert into `Treats` values (916,3,06172014); 
Create Table `Trains`(ssn int NOT NULL, did int NOT NULL, tricks CHAR(20) CHECK (tricks = 'stay' OR tricks = 'sit' OR tricks = 'speak'), Primary key(ssn,did),Foreign key(ssn) References Expert(ssn), Foreign key(did) References Dinosaur(did));
Insert into `Trains` values(917,1,"sit"); 
Insert into `Trains` values(918,2,"stay"); 
Insert into `Trains` values(919,3,"speak"); 
Create Table `Monitors`(did int, ssn int NOT NULL, fid int NOT NULL, dateq int CHECK(date > 10120111 and dates < 12312015), Primary key(did,ssn,fid), Foreign key(did) References Dinosaur(did), Foreign key(ssn) References Expert(ssn), Foreign key(fid) References Food(fid) ON DELETE CASCADE );
Insert into `Monitors` values (1,908,645,03282013); 
Insert into `Monitors` values (2,909,646,04292015); 
Insert into `Monitors` values (3,910,647,05152015); 
Create Table `Runs`(ssn int NOT NULL, tourid int NOT NULL, Primary key(ssn,tourid), Foreign key(ssn) References TourGuide(ssn), Foreign key(tourid) References Tour(tourid) ON DELETE CASCADE);
Insert into `Runs` values(923,17); 
Insert into `Runs` values (924,18); 
Insert into `Runs` values(925,19); 
Create Table `Rates`(mainSSN int NOT NULL, otherSSN int NOT NULL, rating int CHECK(rating > 0 and rating < 10), Primary Key(mainSSN,otherSSN),Foreign Key(mainSSN) References TourGuide(ssn), Foreign key(otherSSN) References TourGuide(ssn) ON DELETE CASCADE);
Insert into `Rates` values(923,924,5); 
Insert into `Rates` values(923,925,8); 
Insert into `Rates` values(924,925,7); 
Create Table `Maintains`(ssn int NOT NULL, serialno int NOT NULL CHECK (serialno > 100000 AND serialno < 109999), locid int NOT NULL, Primary key(ssn,vid,locid), Foreign key(ssn) References Maintenance(ssn), Foreign key(serialno) References Equipment(serialno), Foreign key(locid) References Location(locid) ON DELETE CASCADE);
Create Table `Rides`(tid int NOT NULL, vid int NOT NULL, Primary key(tid,vid), Foreign key(tid) References Tourist(tid), Foreign key(vid) References Vehicles(vid));
Insert into `Rides` values (415,523); 
Insert into `Rides` values (416,525); 
Insert into `Rides` values (417,526); 
Create Table `TakesInventory`(pid int NOT NULL, ssn int NOT NULL, quantity int CHECK (quantity > 0 AND quantity < 100), Primary key(ssn,pid), Foreign key(ssn) References Cashier(ssn) ON DELETE CASCADE,Foreign key(pid) References Products(pid) ON DELETE CASCADE ON UPDATE CASCADE);
Insert into `TakesInventory` values (103, 911, 20); 
Insert into `TakesInventory` values (104, 912, 40); 
Insert into `TakesInventory` values(105,913, 30);  
Create Table `Sells`(pid int NOT NULL, cid int NOT NULL, ssn int NOT NULL, itemPrice int CHECK (price > 0 and price < 200), Primary key(pid,cid,ssn), Foreign key(ssn) References Cashier(ssn) ON DELETE CASCADE, Foreign key(pid) References Products(pid), Foreign key(cid) References Concession(cid) ON DELETE CASCADE);
Insert into `Sells` values(103,789, 911, 10); 
Insert into `Sells` values(104,790, 912, 9); 
Insert into `Sells` values(105,791,913, 12); 
Create Table `Works`(cid int NOT NULL, ssn int NOT NULL, Primary key(cid,ssn), Foreign key(cid) References Concession(cid), Foreign key(ssn) References Cashier(ssn)ON DELETE CASCADE);
Insert into `Works` values(789,911); 
Insert into `Works` values(790,912); 
Insert into `Works` values(791,913); 
SELECT * From Employee;
